{
  "meta_title": "Comprar Maquiagem Online - Espaço Celly",
  "meta_description": "Completa linha de maquiagens, acessórios para make, t-shirts, conjuntos e looks lindos Corina. Diversas opções para você ficar ainda mais linda. Opções de fretes promocionais ou grátis!",
  "sections": [
    {
      "type": "banner-slider",
      "autoplay": 2000,
      "slides": [
        {
          "start": "2020-09-02T02:44:15.701Z",
          "end": "",
          "img": "/img/uploads/frete-banner-9-11-20.jpg",
          "mobile_img": "/img/uploads/frete-mobile-9-11-20.jpg"
        },
        {
          "start": "",
          "end": "",
          "img": "/img/uploads/corina-5-11.jpg",
          "link": "https://espacocelly.com.br/marca/corina",
          "mobile_img": "/img/uploads/banner-corina-mobile-5-11.jpg"
        },
        {
          "start": "2020-12-08T13:41:56.037Z",
          "end": "",
          "img": "/img/uploads/luisance-8-12-20.jpg",
          "mobile_img": "/img/uploads/luisance-mobile-8-12-20.jpg",
          "link": "https://espacocelly.com.br/luisance-paleta-de-sombras-spell-l2036"
        },
        {
          "start": "2020-12-09T19:36:36.634Z",
          "end": "",
          "img": "/img/uploads/vizzela-note.jpg",
          "link": "https://espacocelly.com.br/search?term=VIZZELA",
          "mobile_img": "/img/uploads/mobile-vizzel.jpg"
        }
      ]
    },
    {
      "type": "info-bar",
      "enabled": true
    },
    {
      "type": "collection-shelf",
      "shuffle": true,
      "collection_id": null,
      "title": "Populares",
      "limit": 12,
      "page": 1
    },
    {
      "type": "collection-shelf",
      "shuffle": true,
      "sort": "news",
      "title": "Lançamentos",
      "limit": 12,
      "page": 1
    },
    {
      "type": "collection-shelf",
      "shuffle": true,
      "sort": "offers",
      "title": "Ofertas",
      "limit": 12,
      "page": 1
    },
    {
      "type": "collection-shelf",
      "shuffle": true,
      "sort": "sales",
      "title": "Mais Vendidos",
      "limit": 12,
      "page": 1
    },
    {
      "type": "offers-timer",
      "max_hours": 24,
      "start": "2020-12-21T12:05:35.169Z",
      "end": "2021-01-01T03:00:00.000Z"
    }
  ]
}